Date,Type,Category,Amount,Note,Labels,Year,Month,YearMonth
2024-05-01 17:07:37+00:00,Expense,Bills & Fees,-20.922,,monthly,2024,5,2024-05
2024-05-04 17:07:37+00:00,Expense,Bills & Fees,-83.63,,monthly,2024,5,2024-05
2024-05-05 17:07:37+00:00,Expense,Bills & Fees,-28.755,,monthly,2024,5,2024-05
2024-05-06 17:07:37+00:00,Expense,Beauty,-6.413,,monthly,2024,5,2024-05
2024-05-06 17:07:37+00:00,Expense,Eating out/take away,-51.108,,monthly,2024,5,2024-05
2024-05-06 17:07:37+00:00,Expense,Eating out/take away,-55.476,,monthly,2024,5,2024-05
2024-05-08 17:07:37+00:00,Expense,Groceries,-53.856,,monthly,2024,5,2024-05
2024-05-08 17:07:37+00:00,Expense,Entertainment,-13.158,,1 time luxury,2024,5,2024-05
2024-05-10 17:07:37+00:00,Expense,Groceries,-8.635,,monthly,2024,5,2024-05
2024-05-10 17:07:37+00:00,Expense,Transport,-8.162,,monthly,2024,5,2024-05
2024-05-12 17:07:37+00:00,Expense,Eating out/take away,-26.972,,monthly,2024,5,2024-05
2024-05-12 17:07:37+00:00,Expense,Groceries,-69.714,,monthly,2024,5,2024-05
2024-05-13 17:07:37+00:00,Expense,Bills & Fees,-28.287,,monthly,2024,5,2024-05
2024-05-13 17:07:37+00:00,Expense,Bills & Fees,-67.952,,monthly,2024,5,2024-05
2024-05-13 17:07:37+00:00,Expense,Eating out/take away,-88.92,,monthly,2024,5,2024-05
2024-05-13 17:07:37+00:00,Expense,Bills & Fees,-69.208,,monthly,2024,5,2024-05
2024-05-14 17:07:37+00:00,Expense,Home,-23.499,,monthly,2024,5,2024-05
2024-05-14 17:07:37+00:00,Expense,Bills & Fees,-74.968,,monthly,2024,5,2024-05
2024-05-14 17:07:37+00:00,Expense,Home,-17.379,,monthly,2024,5,2024-05
2024-05-16 17:07:37+00:00,Expense,Groceries,-94.8,,monthly,2024,5,2024-05
2024-05-17 17:07:37+00:00,Expense,Bills & Fees,-76.136,,monthly,2024,5,2024-05
2024-05-17 17:07:37+00:00,Expense,Bills & Fees,-63.173,,monthly,2024,5,2024-05
2024-05-18 17:07:37+00:00,Expense,Groceries,-40.608,,monthly,2024,5,2024-05
2024-05-18 17:07:37+00:00,Expense,Bills & Fees,-101.28,,monthly,2024,5,2024-05
2024-05-19 17:07:37+00:00,Expense,Groceries,-12.84,,monthly,2024,5,2024-05
2024-05-21 17:07:37+00:00,Expense,Eating out/take away,-4.12,,monthly,2024,5,2024-05
2024-05-22 17:07:37+00:00,Expense,Groceries,-13.044,,monthly,2024,5,2024-05
2024-05-22 17:07:37+00:00,Expense,Sport & Hobbies,-113.22,,time to time,2024,5,2024-05
2024-05-23 17:07:37+00:00,Expense,Healthcare,-32.696,,monthly,2024,5,2024-05
2024-05-23 17:07:37+00:00,Expense,Bills & Fees,-5.598,,monthly,2024,5,2024-05
2024-05-24 17:07:37+00:00,Expense,Bills & Fees,-26.02,,monthly,2024,5,2024-05
2024-05-25 17:07:37+00:00,Expense,Bills & Fees,-78.372,,monthly,2024,5,2024-05
2024-05-26 17:07:37+00:00,Expense,Eating out/take away,-50.532,,monthly,2024,5,2024-05
2024-05-27 17:07:37+00:00,Expense,Groceries,-79.92,,monthly,2024,5,2024-05
2024-05-27 17:07:37+00:00,Expense,Transport,-9.845,,monthly,2024,5,2024-05
2024-05-27 17:07:37+00:00,Expense,Bills & Fees,-13.079,,monthly,2024,5,2024-05
2024-05-28 17:07:37+00:00,Expense,Bills & Fees,-80.973,,monthly,2024,5,2024-05
2024-05-01 17:07:37+00:00,Income,Salary,1364.0,,monthly,2024,5,2024-05
2024-05-29 19:20:07+00:00,Expense,Bills & Fees,-10.0,Giffgaff,monthly,2024,5,2024-05
2024-11-01 17:07:37+00:00,Expense,Tobaco,-68.277,,monthly,2024,11,2024-11
2024-11-02 17:07:37+00:00,Expense,Healthcare,-40.535,,monthly,2024,11,2024-11
2024-11-03 17:07:37+00:00,Expense,Bills & Fees,-15.032,,monthly,2024,11,2024-11
2024-11-03 17:07:37+00:00,Expense,Groceries,-6.192,,monthly,2024,11,2024-11
2024-11-06 17:07:37+00:00,Expense,Eating out/take away,-6.642,,monthly,2024,11,2024-11
2024-11-07 17:07:37+00:00,Expense,Eating out/take away,-16.408,,monthly,2024,11,2024-11
2024-11-07 17:07:37+00:00,Expense,Bills & Fees,-42.922,,monthly,2024,11,2024-11
2024-11-07 17:07:37+00:00,Expense,Bills & Fees,-65.528,,monthly,2024,11,2024-11
2024-11-08 17:07:37+00:00,Expense,Eating out/take away,-12.447,,monthly,2024,11,2024-11
2024-11-08 17:07:37+00:00,Expense,Healthcare,-39.358,,monthly,2024,11,2024-11
2024-11-09 17:07:37+00:00,Expense,Healthcare,-33.903,,monthly,2024,11,2024-11
2024-11-10 17:07:37+00:00,Expense,Eating out/take away,-42.4,,monthly,2024,11,2024-11
2024-11-11 17:07:37+00:00,Expense,Home,-56.259,,1 time essential,2024,11,2024-11
2024-11-11 17:07:37+00:00,Expense,Bills & Fees,-54.444,,monthly,2024,11,2024-11
2024-11-13 17:07:37+00:00,Expense,Eating out/take away,-76.648,,monthly,2024,11,2024-11
2024-11-14 17:07:37+00:00,Expense,Groceries,-61.22,,monthly,2024,11,2024-11
2024-11-15 17:07:37+00:00,Expense,Groceries,-51.972,,monthly,2024,11,2024-11
2024-11-15 17:07:37+00:00,Expense,Groceries,-88.71,,monthly,2024,11,2024-11
2024-11-16 17:07:37+00:00,Expense,Tobaco,-51.219,,monthly,2024,11,2024-11
2024-11-16 17:07:37+00:00,Expense,Tobaco,-4.851,,monthly,2024,11,2024-11
2024-11-16 17:07:37+00:00,Expense,Groceries,-28.79,,monthly,2024,11,2024-11
2024-11-18 17:07:37+00:00,Expense,Bills & Fees,-71.304,,monthly,2024,11,2024-11
2024-11-18 17:07:37+00:00,Expense,Eating out/take away,-29.458,,monthly,2024,11,2024-11
2024-11-19 17:07:37+00:00,Expense,Car,-82.73,,time to time,2024,11,2024-11
2024-11-19 17:07:37+00:00,Expense,Sport & Hobbies,-3.933,,time to time,2024,11,2024-11
2024-11-20 17:07:37+00:00,Expense,Home,-12.948,,monthly,2024,11,2024-11
2024-11-21 17:07:37+00:00,Expense,Bills & Fees,-28.503,,monthly,2024,11,2024-11
2024-11-21 17:07:37+00:00,Expense,Groceries,-13.244,,monthly,2024,11,2024-11
2024-11-21 17:07:37+00:00,Expense,Bills & Fees,-31.438,,monthly,2024,11,2024-11
2024-11-22 17:07:37+00:00,Expense,Groceries,-82.764,,monthly,2024,11,2024-11
2024-11-24 17:07:37+00:00,Expense,Bills & Fees,-54.46,,monthly,2024,11,2024-11
2024-11-25 17:07:37+00:00,Expense,Transport,-86.94,,monthly,2024,11,2024-11
2024-11-25 17:07:37+00:00,Expense,Groceries,-57.627,,monthly,2024,11,2024-11
2024-11-25 17:07:37+00:00,Expense,Groceries,-87.048,,monthly,2024,11,2024-11
2024-11-26 17:07:37+00:00,Expense,Bills & Fees,-5.229,,monthly,2024,11,2024-11
2024-11-27 17:07:37+00:00,Expense,Groceries,-53.1,,monthly,2024,11,2024-11
2024-11-28 17:07:37+00:00,Expense,Groceries,-71.0,,monthly,2024,11,2024-11
2024-11-28 17:07:37+00:00,Expense,Bills & Fees,-16.524,,monthly,2024,11,2024-11
2024-11-01 17:07:37+00:00,Income,Salary,2046.0,,monthly,2024,11,2024-11
2024-11-29 20:20:07+00:00,Expense,Bills & Fees,-10.0,Giffgaff,monthly,2024,11,2024-11
2024-10-01 17:07:37+00:00,Expense,Bills & Fees,-101.82,,monthly,2024,10,2024-10
2024-10-02 17:07:37+00:00,Expense,Groceries,-46.952,,monthly,2024,10,2024-10
2024-10-02 17:07:37+00:00,Expense,Groceries,-23.648,,monthly,2024,10,2024-10
2024-10-04 17:07:37+00:00,Expense,Bills & Fees,-36.324,,monthly,2024,10,2024-10
2024-10-04 17:07:37+00:00,Expense,Groceries,-49.28,,monthly,2024,10,2024-10
2024-10-05 17:07:37+00:00,Expense,Education,-46.56,,monthly,2024,10,2024-10
2024-10-06 17:07:37+00:00,Expense,Bills & Fees,-45.372,,monthly,2024,10,2024-10
2024-10-08 17:07:37+00:00,Expense,Bills & Fees,-27.045,,monthly,2024,10,2024-10
2024-10-08 17:07:37+00:00,Expense,Groceries,-26.028,,monthly,2024,10,2024-10
2024-10-09 17:07:37+00:00,Expense,Groceries,-20.32,,monthly,2024,10,2024-10
2024-10-10 17:07:37+00:00,Expense,Groceries,-14.553,,monthly,2024,10,2024-10
2024-10-11 17:07:37+00:00,Expense,Groceries,-20.36,,monthly,2024,10,2024-10
2024-10-11 17:07:37+00:00,Expense,Groceries,-57.01,,monthly,2024,10,2024-10
2024-10-15 17:07:37+00:00,Expense,Bills & Fees,-108.192,,monthly,2024,10,2024-10
2024-10-16 17:07:37+00:00,Expense,Home,-50.04,,monthly,2024,10,2024-10
2024-10-16 17:07:37+00:00,Expense,Tobaco,-116.568,,monthly,2024,10,2024-10
2024-10-16 17:07:37+00:00,Expense,Bills & Fees,-76.93,,monthly,2024,10,2024-10
2024-10-17 17:07:37+00:00,Expense,Bills & Fees,-102.454,,monthly,2024,10,2024-10
2024-10-18 17:07:37+00:00,Expense,Bills & Fees,-68.904,,monthly,2024,10,2024-10
2024-10-18 17:07:37+00:00,Expense,Bills & Fees,-71.68,,monthly,2024,10,2024-10
2024-10-18 17:07:37+00:00,Expense,Eating out/take away,-68.882,,monthly,2024,10,2024-10
2024-10-19 17:07:37+00:00,Expense,Transport,-71.62,,monthly,2024,10,2024-10
2024-10-19 17:07:37+00:00,Expense,Bills & Fees,-91.905,,monthly,2024,10,2024-10
2024-10-19 17:07:37+00:00,Expense,Bills & Fees,-117.072,,monthly,2024,10,2024-10
2024-10-19 17:07:37+00:00,Expense,Groceries,-38.742,,monthly,2024,10,2024-10
2024-10-19 17:07:37+00:00,Expense,Tobaco,-53.966,,monthly,2024,10,2024-10
2024-10-20 17:07:37+00:00,Expense,Transport,-44.83,,monthly,2024,10,2024-10
2024-10-20 17:07:37+00:00,Expense,Eating out/take away,-23.22,,monthly,2024,10,2024-10
2024-10-21 17:07:37+00:00,Expense,Groceries,-4.56,,monthly,2024,10,2024-10
2024-10-21 17:07:37+00:00,Expense,Bills & Fees,-93.3,,monthly,2024,10,2024-10
2024-10-23 17:07:37+00:00,Expense,Bills & Fees,-56.673,,monthly,2024,10,2024-10
2024-10-24 17:07:37+00:00,Expense,Healthcare,-26.136,,monthly,2024,10,2024-10
2024-10-25 17:07:37+00:00,Expense,Healthcare,-57.42,,monthly,2024,10,2024-10
2024-10-26 17:07:37+00:00,Expense,Eating out/take away,-24.794,,monthly,2024,10,2024-10
2024-10-28 17:07:37+00:00,Expense,Eating out/take away,-23.254,,monthly,2024,10,2024-10
2024-10-01 17:07:37+00:00,Income,Salary,1364.0,,monthly,2024,10,2024-10
2024-10-17 15:47:43+00:00,Income,Other,66.0,Elec rebate,time to time,2024,10,2024-10
2024-10-29 20:20:07+00:00,Expense,Bills & Fees,-10.0,Giffgaff,monthly,2024,10,2024-10
2024-04-01 17:07:37+00:00,Expense,Groceries,-76.978,,monthly,2024,4,2024-04
2024-04-02 17:07:37+00:00,Expense,Groceries,-9.768,,monthly,2024,4,2024-04
2024-04-02 17:07:37+00:00,Expense,Bills & Fees,-63.173,,monthly,2024,4,2024-04
2024-04-03 17:07:37+00:00,Expense,Healthcare,-47.436,,monthly,2024,4,2024-04
2024-04-04 17:07:37+00:00,Expense,Groceries,-1.168,,monthly,2024,4,2024-04
2024-04-05 17:07:37+00:00,Expense,Home,-93.115,,1 time essential,2024,4,2024-04
2024-04-06 17:07:37+00:00,Expense,Transport,-38.034,,monthly,2024,4,2024-04
2024-04-06 17:07:37+00:00,Expense,Bills & Fees,-99.59,,monthly,2024,4,2024-04
2024-04-07 17:07:37+00:00,Expense,Bills & Fees,-44.1,,monthly,2024,4,2024-04
2024-04-07 17:07:37+00:00,Expense,Bills & Fees,-59.95,,monthly,2024,4,2024-04
2024-04-08 17:07:37+00:00,Expense,Bills & Fees,-79.43,,monthly,2024,4,2024-04
2024-04-09 17:07:37+00:00,Expense,Groceries,-45.342,,monthly,2024,4,2024-04
2024-04-10 17:07:37+00:00,Expense,Tobaco,-74.408,,time to time,2024,4,2024-04
2024-04-12 17:07:37+00:00,Expense,Tobaco,-47.3,,monthly,2024,4,2024-04
2024-04-13 17:07:37+00:00,Expense,Groceries,-63.624,,monthly,2024,4,2024-04
2024-04-13 17:07:37+00:00,Expense,Bills & Fees,-6.584,,monthly,2024,4,2024-04
2024-04-14 17:07:37+00:00,Expense,Groceries,-42.352,,monthly,2024,4,2024-04
2024-04-15 17:07:37+00:00,Expense,Bills & Fees,-76.416,,monthly,2024,4,2024-04
2024-04-15 17:07:37+00:00,Expense,Bills & Fees,-50.424,,monthly,2024,4,2024-04
2024-04-16 17:07:37+00:00,Expense,Groceries,-53.442,,monthly,2024,4,2024-04
2024-04-16 17:07:37+00:00,Expense,Bills & Fees,-28.116,,monthly,2024,4,2024-04
2024-04-16 17:07:37+00:00,Expense,Eating out/take away,-97.596,,monthly,2024,4,2024-04
2024-04-17 17:07:37+00:00,Expense,Bills & Fees,-87.63,,monthly,2024,4,2024-04
2024-04-18 17:07:37+00:00,Expense,Bills & Fees,-60.957,,monthly,2024,4,2024-04
2024-04-18 17:07:37+00:00,Expense,Bills & Fees,-80.1,,monthly,2024,4,2024-04
2024-04-19 17:07:37+00:00,Expense,Bills & Fees,-82.314,,monthly,2024,4,2024-04
2024-04-23 17:07:37+00:00,Expense,Eating out/take away,-55.044,,monthly,2024,4,2024-04
2024-04-23 17:07:37+00:00,Expense,Bills & Fees,-27.87,,monthly,2024,4,2024-04
2024-04-27 17:07:37+00:00,Expense,Bills & Fees,-30.63,,monthly,2024,4,2024-04
2024-04-28 17:07:37+00:00,Expense,Eating out/take away,-105.648,,monthly,2024,4,2024-04
2024-04-01 17:07:37+00:00,Income,Salary,2046.0,,monthly,2024,4,2024-04
2024-04-29 19:20:07+00:00,Expense,Bills & Fees,-10.0,Giffgaff,monthly,2024,4,2024-04
2024-04-02 17:56:40+00:00,Expense,Bills & Fees,-10.0,Giffgaff,monthly,2024,4,2024-04
2024-12-03 17:07:37+00:00,Expense,Bills & Fees,-5.566,,monthly,2024,12,2024-12
2024-12-03 17:07:37+00:00,Expense,Eating out/take away,-71.776,,monthly,2024,12,2024-12
2024-12-03 17:07:37+00:00,Expense,Bills & Fees,-39.069,,monthly,2024,12,2024-12
2024-12-04 17:07:37+00:00,Expense,Bills & Fees,-7.689,,monthly,2024,12,2024-12
2024-12-05 17:07:37+00:00,Expense,Bills & Fees,-43.04,,monthly,2024,12,2024-12
2024-12-05 17:07:37+00:00,Expense,Groceries,-5.96,,monthly,2024,12,2024-12
2024-12-06 17:07:37+00:00,Expense,Groceries,-105.804,,monthly,2024,12,2024-12
2024-12-06 17:07:37+00:00,Expense,Healthcare,-63.48,,monthly,2024,12,2024-12
2024-12-08 17:07:37+00:00,Expense,Bills & Fees,-48.422,,monthly,2024,12,2024-12
2024-12-09 17:07:37+00:00,Expense,Groceries,-26.8,,monthly,2024,12,2024-12
2024-12-09 17:07:37+00:00,Expense,Groceries,-41.734,,monthly,2024,12,2024-12
2024-12-09 17:07:37+00:00,Expense,Bills & Fees,-4.941,,monthly,2024,12,2024-12
2024-12-10 17:07:37+00:00,Expense,Bills & Fees,-24.272,,monthly,2024,12,2024-12
2024-12-11 17:07:37+00:00,Expense,Transport,-102.234,,monthly,2024,12,2024-12
2024-12-11 17:07:37+00:00,Expense,Bills & Fees,-25.712,,monthly,2024,12,2024-12
2024-12-11 17:07:37+00:00,Expense,Transport,-98.6,,monthly,2024,12,2024-12
2024-12-14 17:07:37+00:00,Expense,Bills & Fees,-48.912,,monthly,2024,12,2024-12
2024-12-14 17:07:37+00:00,Expense,Groceries,-8.532,,monthly,2024,12,2024-12
2024-12-15 17:07:37+00:00,Expense,Bills & Fees,-69.264,,monthly,2024,12,2024-12
2024-12-16 17:07:37+00:00,Expense,Bills & Fees,-2.0,,monthly,2024,12,2024-12
2024-12-17 17:07:37+00:00,Expense,Eating out/take away,-87.612,,monthly,2024,12,2024-12
2024-12-17 17:07:37+00:00,Expense,Bills & Fees,-68.508,,monthly,2024,12,2024-12
2024-12-19 17:07:37+00:00,Expense,Groceries,-43.96,,monthly,2024,12,2024-12
2024-12-22 17:07:37+00:00,Expense,Transport,-23.968,,monthly,2024,12,2024-12
2024-12-24 17:07:37+00:00,Expense,Bills & Fees,-32.301,,monthly,2024,12,2024-12
2024-12-24 17:07:37+00:00,Expense,Groceries,-12.784,,monthly,2024,12,2024-12
2024-12-24 17:07:37+00:00,Expense,Bills & Fees,-79.227,,monthly,2024,12,2024-12
2024-12-25 17:07:37+00:00,Expense,Groceries,-21.132,,monthly,2024,12,2024-12
2024-12-26 17:07:37+00:00,Expense,Bills & Fees,-53.11,,monthly,2024,12,2024-12
2024-12-26 17:07:37+00:00,Expense,Car,-64.064,,time to time,2024,12,2024-12
2024-12-27 17:07:37+00:00,Expense,Groceries,-5.94,,monthly,2024,12,2024-12
2024-12-28 17:07:37+00:00,Expense,Groceries,-54.362,,monthly,2024,12,2024-12
2024-12-28 17:07:37+00:00,Expense,Transport,-89.99,,monthly,2024,12,2024-12
2024-12-01 17:07:37+00:00,Income,Salary,1705.0,,monthly,2024,12,2024-12
2024-12-29 20:20:07+00:00,Expense,Bills & Fees,-10.0,Giffgaff,monthly,2024,12,2024-12
2024-06-01 17:07:37+00:00,Expense,Bills & Fees,-30.552,,monthly,2024,6,2024-06
2024-06-01 17:07:37+00:00,Expense,Groceries,-73.116,,monthly,2024,6,2024-06
2024-06-01 17:07:37+00:00,Expense,Education,-96.0,,monthly,2024,6,2024-06
2024-06-03 17:07:37+00:00,Expense,Groceries,-72.477,,monthly,2024,6,2024-06
2024-06-03 17:07:37+00:00,Expense,Eating out/take away,-106.172,,monthly,2024,6,2024-06
2024-06-03 17:07:37+00:00,Expense,Bills & Fees,-45.456,,monthly,2024,6,2024-06
2024-06-03 17:07:37+00:00,Expense,Bills & Fees,-83.765,,monthly,2024,6,2024-06
2024-06-04 17:07:37+00:00,Expense,Bills & Fees,-39.808,,monthly,2024,6,2024-06
2024-06-05 17:07:37+00:00,Expense,Healthcare,-21.64,,monthly,2024,6,2024-06
2024-06-08 17:07:37+00:00,Expense,Bills & Fees,-93.764,,monthly,2024,6,2024-06
2024-06-11 17:07:37+00:00,Expense,Bills & Fees,-13.6,,monthly,2024,6,2024-06
2024-06-11 17:07:37+00:00,Expense,Eating out/take away,-11.1,,monthly,2024,6,2024-06
2024-06-11 17:07:37+00:00,Expense,Healthcare,-22.272,,monthly,2024,6,2024-06
2024-06-11 17:07:37+00:00,Expense,Groceries,-73.876,,monthly,2024,6,2024-06
2024-06-14 17:07:37+00:00,Expense,Home,-22.456,,monthly,2024,6,2024-06
2024-06-16 17:07:37+00:00,Expense,Bills & Fees,-63.899,,monthly,2024,6,2024-06
2024-06-18 17:07:37+00:00,Expense,Bills & Fees,-45.375,,monthly,2024,6,2024-06
2024-06-18 17:07:37+00:00,Expense,Eating out/take away,-58.95,,monthly,2024,6,2024-06
2024-06-19 17:07:37+00:00,Expense,Bills & Fees,-84.31,,monthly,2024,6,2024-06
2024-06-19 17:07:37+00:00,Expense,Groceries,-31.068,,monthly,2024,6,2024-06
2024-06-19 17:07:37+00:00,Expense,Bills & Fees,-29.712,,monthly,2024,6,2024-06
2024-06-21 17:07:37+00:00,Expense,Tobaco,-2.95,,monthly,2024,6,2024-06
2024-06-21 17:07:37+00:00,Expense,Transport,-42.756,,monthly,2024,6,2024-06
2024-06-22 17:07:37+00:00,Expense,Education,-25.227,,monthly,2024,6,2024-06
2024-06-23 17:07:37+00:00,Expense,Tobaco,-78.84,,monthly,2024,6,2024-06
2024-06-24 17:07:37+00:00,Expense,Transport,-24.732,,monthly,2024,6,2024-06
2024-06-24 17:07:37+00:00,Expense,Home,-44.168,,monthly,2024,6,2024-06
2024-06-26 17:07:37+00:00,Expense,Bills & Fees,-93.84,,monthly,2024,6,2024-06
2024-06-26 17:07:37+00:00,Expense,Bills & Fees,-42.71,,monthly,2024,6,2024-06
2024-06-28 17:07:37+00:00,Expense,Eating out/take away,-96.38,,monthly,2024,6,2024-06
2024-06-28 17:07:37+00:00,Expense,Groceries,-13.72,,monthly,2024,6,2024-06
2024-06-28 17:07:37+00:00,Expense,Groceries,-42.056,,monthly,2024,6,2024-06
2024-06-01 17:07:37+00:00,Income,Salary,2046.0,,monthly,2024,6,2024-06
2024-07-02 17:07:37+00:00,Expense,Groceries,-18.458,,monthly,2024,7,2024-07
2024-07-02 17:07:37+00:00,Expense,Bills & Fees,-96.877,,monthly,2024,7,2024-07
2024-07-03 17:07:37+00:00,Expense,Education,-19.548,,monthly,2024,7,2024-07
2024-07-03 17:07:37+00:00,Expense,Bills & Fees,-51.496,,monthly,2024,7,2024-07
2024-07-04 17:07:37+00:00,Expense,Groceries,-6.809,,monthly,2024,7,2024-07
2024-07-04 17:07:37+00:00,Expense,Bills & Fees,-56.367,,monthly,2024,7,2024-07
2024-07-04 17:07:37+00:00,Expense,Tobaco,-43.816,,monthly,2024,7,2024-07
2024-07-04 17:07:37+00:00,Expense,Bills & Fees,-81.1,,monthly,2024,7,2024-07
2024-07-06 17:07:37+00:00,Expense,Education,-71.84,,monthly,2024,7,2024-07
2024-07-06 17:07:37+00:00,Expense,Bills & Fees,-58.725,,monthly,2024,7,2024-07
2024-07-07 17:07:37+00:00,Expense,Transport,-20.52,,monthly,2024,7,2024-07
2024-07-08 17:07:37+00:00,Expense,Groceries,-22.168,,monthly,2024,7,2024-07
2024-07-08 17:07:37+00:00,Expense,Bills & Fees,-57.28,,monthly,2024,7,2024-07
2024-07-08 17:07:37+00:00,Expense,Tobaco,-76.904,,monthly,2024,7,2024-07
2024-07-08 17:07:37+00:00,Expense,Bills & Fees,-51.667,,monthly,2024,7,2024-07
2024-07-09 17:07:37+00:00,Expense,Groceries,-14.64,,monthly,2024,7,2024-07
2024-07-09 17:07:37+00:00,Expense,Eating out/take away,-53.69,,monthly,2024,7,2024-07
2024-07-09 17:07:37+00:00,Expense,Bills & Fees,-71.12,,monthly,2024,7,2024-07
2024-07-12 17:07:37+00:00,Expense,Bills & Fees,-13.041,,monthly,2024,7,2024-07
2024-07-12 17:07:37+00:00,Expense,Groceries,-102.168,,monthly,2024,7,2024-07
2024-07-13 17:07:37+00:00,Expense,Eating out/take away,-46.24,,monthly,2024,7,2024-07
2024-07-14 17:07:37+00:00,Expense,Healthcare,-21.447,,monthly,2024,7,2024-07
2024-07-14 17:07:37+00:00,Expense,Bills & Fees,-8.19,,monthly,2024,7,2024-07
2024-07-14 17:07:37+00:00,Expense,Bills & Fees,-33.392,,monthly,2024,7,2024-07
2024-07-16 17:07:37+00:00,Expense,Groceries,-18.144,,monthly,2024,7,2024-07
2024-07-16 17:07:37+00:00,Expense,Groceries,-72.444,,monthly,2024,7,2024-07
2024-07-17 17:07:37+00:00,Expense,Tobaco,-2.53,,monthly,2024,7,2024-07
2024-07-17 17:07:37+00:00,Expense,Bills & Fees,-38.151,,monthly,2024,7,2024-07
2024-07-18 17:07:37+00:00,Expense,Bills & Fees,-37.851,,monthly,2024,7,2024-07
2024-07-21 17:07:37+00:00,Expense,Bills & Fees,-106.744,,monthly,2024,7,2024-07
2024-07-24 17:07:37+00:00,Expense,Sport & Hobbies,-62.28,,time to time,2024,7,2024-07
2024-07-24 17:07:37+00:00,Expense,Eating out/take away,-83.314,,monthly,2024,7,2024-07
2024-07-24 17:07:37+00:00,Expense,Eating out/take away,-12.664,,monthly,2024,7,2024-07
2024-07-25 17:07:37+00:00,Expense,Sport & Hobbies,-50.42,,time to time,2024,7,2024-07
2024-07-26 17:07:37+00:00,Expense,Bills & Fees,-18.153,,monthly,2024,7,2024-07
2024-07-27 17:07:37+00:00,Expense,Transport,-20.68,,monthly,2024,7,2024-07
2024-07-27 17:07:37+00:00,Expense,Groceries,-31.669,,monthly,2024,7,2024-07
2024-07-28 17:07:37+00:00,Expense,Bills & Fees,-78.84,,monthly,2024,7,2024-07
2024-07-01 17:07:37+00:00,Income,Salary,1534.5,,monthly,2024,7,2024-07
2024-07-01 16:48:22+00:00,Expense,Bills & Fees,-10.0,Giffgaff,monthly,2024,7,2024-07
2024-03-13 17:07:37+00:00,Expense,Bills & Fees,-42.537,,monthly,2024,3,2024-03
2024-03-19 17:07:37+00:00,Expense,Bills & Fees,-83.48,,monthly,2024,3,2024-03
2024-03-19 17:07:37+00:00,Expense,Groceries,-53.288,,monthly,2024,3,2024-03
2024-03-19 17:07:37+00:00,Expense,Groceries,-21.474,,monthly,2024,3,2024-03
2024-03-20 17:07:37+00:00,Expense,Sport & Hobbies,-23.416,,time to time,2024,3,2024-03
2024-03-20 17:07:37+00:00,Expense,Bills & Fees,-28.197,,monthly,2024,3,2024-03
2024-03-21 17:07:37+00:00,Expense,Bills & Fees,-57.54,,monthly,2024,3,2024-03
2024-03-21 17:07:37+00:00,Expense,Bills & Fees,-71.148,,monthly,2024,3,2024-03
2024-03-21 17:07:37+00:00,Expense,Bills & Fees,-89.7,,monthly,2024,3,2024-03
2024-03-21 17:07:37+00:00,Expense,Eating out/take away,-15.9,,monthly,2024,3,2024-03
2024-03-22 17:07:37+00:00,Expense,Home,-88.146,,1 time essential,2024,3,2024-03
2024-03-22 17:07:37+00:00,Expense,Groceries,-54.25,,monthly,2024,3,2024-03
2024-03-23 17:07:37+00:00,Expense,Groceries,-49.44,,monthly,2024,3,2024-03
2024-03-23 17:07:37+00:00,Expense,Home,-3.789,,monthly,2024,3,2024-03
2024-03-23 17:07:37+00:00,Expense,Tobaco,-8.937,,monthly,2024,3,2024-03
2024-03-23 17:07:37+00:00,Expense,Bills & Fees,-76.257,,monthly,2024,3,2024-03
2024-03-23 17:07:37+00:00,Expense,Bills & Fees,-93.456,,monthly,2024,3,2024-03
2024-03-24 17:07:37+00:00,Expense,Bills & Fees,-39.996,,monthly,2024,3,2024-03
2024-03-25 17:07:37+00:00,Expense,Eating out/take away,-24.167,,monthly,2024,3,2024-03
2024-03-25 17:07:37+00:00,Expense,Eating out/take away,-8.14,,monthly,2024,3,2024-03
2024-03-25 17:07:37+00:00,Expense,Groceries,-72.24,,monthly,2024,3,2024-03
2024-03-25 17:07:37+00:00,Expense,Bills & Fees,-17.391,,monthly,2024,3,2024-03
2024-03-25 17:07:37+00:00,Expense,Home,-42.207,,monthly,2024,3,2024-03
2024-03-25 17:07:37+00:00,Expense,Bills & Fees,-11.817,,monthly,2024,3,2024-03
2024-03-26 17:07:37+00:00,Expense,Bills & Fees,-55.971,,monthly,2024,3,2024-03
2024-03-26 17:07:37+00:00,Expense,Groceries,-27.9,,monthly,2024,3,2024-03
2024-03-27 17:07:37+00:00,Expense,Bills & Fees,-13.77,,monthly,2024,3,2024-03
2024-03-27 17:07:37+00:00,Expense,Bills & Fees,-5.634,,monthly,2024,3,2024-03
2024-03-28 17:07:37+00:00,Expense,Eating out/take away,-56.144,,monthly,2024,3,2024-03
2024-03-28 17:07:37+00:00,Expense,Bills & Fees,-37.14,,monthly,2024,3,2024-03
2024-03-01 17:07:37+00:00,Income,Salary,1705.0,,monthly,2024,3,2024-03
2024-03-12 16:21:53+00:00,Income,Other,67.0,Energy rebate,time to time,2024,3,2024-03
2024-02-01 17:07:37+00:00,Income,Salary,1705.0,,monthly,2024,2,2024-02
2024-02-10 17:07:37+00:00,Expense,Home,-78.678,,1 time essential,2024,2,2024-02
2024-02-11 17:07:37+00:00,Expense,Groceries,-41.679,,monthly,2024,2,2024-02
2024-02-11 17:07:37+00:00,Expense,Healthcare,-61.443,,monthly,2024,2,2024-02
2024-02-12 17:07:37+00:00,Expense,Groceries,-12.84,,monthly,2024,2,2024-02
2024-02-12 17:07:37+00:00,Expense,Bills & Fees,-5.916,,monthly,2024,2,2024-02
2024-02-12 17:07:37+00:00,Expense,Home,-34.43,,monthly,2024,2,2024-02
2024-02-13 17:07:37+00:00,Expense,Tobaco,-26.268,,monthly,2024,2,2024-02
2024-02-13 17:07:37+00:00,Expense,Bills & Fees,-6.06,,monthly,2024,2,2024-02
2024-02-21 17:07:37+00:00,Expense,Bills & Fees,-59.93,,monthly,2024,2,2024-02
2024-02-21 17:07:37+00:00,Expense,Tobaco,-12.28,,monthly,2024,2,2024-02
2024-02-21 17:07:37+00:00,Expense,Bills & Fees,-67.12,,monthly,2024,2,2024-02
2024-02-22 17:07:37+00:00,Expense,Bills & Fees,-56.089,,monthly,2024,2,2024-02
2024-02-23 17:07:37+00:00,Expense,Sport & Hobbies,-6.237,,time to time,2024,2,2024-02
2024-02-23 17:07:37+00:00,Expense,Bills & Fees,-13.194,,monthly,2024,2,2024-02
2024-02-24 17:07:37+00:00,Expense,Bills & Fees,-63.998,,monthly,2024,2,2024-02
2024-02-24 17:07:37+00:00,Expense,Eating out/take away,-75.976,,monthly,2024,2,2024-02
2024-02-24 17:07:37+00:00,Expense,Bills & Fees,-81.268,,monthly,2024,2,2024-02
2024-02-25 17:07:37+00:00,Expense,Bills & Fees,-34.568,,monthly,2024,2,2024-02
2024-02-25 17:07:37+00:00,Expense,Bills & Fees,-20.36,,monthly,2024,2,2024-02
2024-02-25 17:07:37+00:00,Expense,Bills & Fees,-33.22,,monthly,2024,2,2024-02
2024-02-25 17:07:37+00:00,Expense,Healthcare,-6.072,,monthly,2024,2,2024-02
2024-02-26 17:07:37+00:00,Expense,Bills & Fees,-59.124,,monthly,2024,2,2024-02
2024-02-27 17:07:37+00:00,Expense,Sport & Hobbies,-6.05,,time to time,2024,2,2024-02
2024-02-27 17:07:37+00:00,Expense,Groceries,-88.353,,monthly,2024,2,2024-02
2024-02-28 17:07:37+00:00,Expense,Home,-66.055,,monthly,2024,2,2024-02
2024-02-28 17:07:37+00:00,Expense,Tobaco,-62.15,,monthly,2024,2,2024-02
2024-02-28 17:07:37+00:00,Expense,Bills & Fees,-49.048,,monthly,2024,2,2024-02
2024-02-08 17:01:55+00:00,Income,Other,67.0,Electric rebate,time to time,2024,2,2024-02
2024-02-29 20:20:07+00:00,Expense,Bills & Fees,-10.0,Giffgaff,monthly,2024,2,2024-02
2024-01-12 17:07:37+00:00,Expense,Groceries,-16.05,,monthly,2024,1,2024-01
2024-01-12 17:07:37+00:00,Expense,Bills & Fees,-4.93,,monthly,2024,1,2024-01
2024-01-12 17:07:37+00:00,Expense,Home,-34.43,,monthly,2024,1,2024-01
2024-01-13 17:07:37+00:00,Expense,Tobaco,-23.88,,monthly,2024,1,2024-01
2024-01-13 17:07:37+00:00,Expense,Bills & Fees,-4.545,,monthly,2024,1,2024-01
2024-01-13 17:07:37+00:00,Expense,Eating out/take away,-70.044,,monthly,2024,1,2024-01
2024-01-14 17:07:37+00:00,Expense,Bills & Fees,-79.048,,monthly,2024,1,2024-01
2024-01-14 17:07:37+00:00,Expense,Eating out/take away,-13.464,,monthly,2024,1,2024-01
2024-01-14 17:07:37+00:00,Expense,Bills & Fees,-14.9,,monthly,2024,1,2024-01
2024-01-15 17:07:37+00:00,Expense,Groceries,-49.635,,monthly,2024,1,2024-01
2024-01-15 17:07:37+00:00,Expense,Bills & Fees,-24.276,,monthly,2024,1,2024-01
2024-01-15 17:07:37+00:00,Expense,Eating out/take away,-32.424,,monthly,2024,1,2024-01
2024-01-15 17:07:37+00:00,Expense,Healthcare,-6.732,,monthly,2024,1,2024-01
2024-01-16 17:07:37+00:00,Expense,Bills & Fees,-2.384,,monthly,2024,1,2024-01
2024-01-16 17:07:37+00:00,Expense,Bills & Fees,-76.846,,monthly,2024,1,2024-01
2024-01-16 17:07:37+00:00,Expense,Groceries,-36.513,,monthly,2024,1,2024-01
2024-01-16 17:07:37+00:00,Expense,Beauty,-67.248,,monthly,2024,1,2024-01
2024-01-16 17:07:37+00:00,Expense,Tobaco,-32.148,,monthly,2024,1,2024-01
2024-01-17 17:07:37+00:00,Expense,Transport,-66.861,,monthly,2024,1,2024-01
2024-01-17 17:07:37+00:00,Expense,Bills & Fees,-7.947,,monthly,2024,1,2024-01
2024-01-18 17:07:37+00:00,Expense,Eating out/take away,-19.953,,monthly,2024,1,2024-01
2024-01-20 17:07:37+00:00,Expense,Bills & Fees,-31.84,,monthly,2024,1,2024-01
2024-01-20 17:07:37+00:00,Expense,Bills & Fees,-38.16,,monthly,2024,1,2024-01
2024-01-20 17:07:37+00:00,Expense,Bills & Fees,-8.778,,monthly,2024,1,2024-01
2024-01-20 17:07:37+00:00,Expense,Bills & Fees,-87.0,,monthly,2024,1,2024-01
2024-01-20 17:07:37+00:00,Expense,Tobaco,-70.664,,monthly,2024,1,2024-01
2024-01-20 17:07:37+00:00,Expense,Transport,-71.064,,monthly,2024,1,2024-01
2024-01-20 17:07:37+00:00,Expense,Home,-5.852,,monthly,2024,1,2024-01
2024-01-20 17:07:37+00:00,Expense,Eating out/take away,-16.32,,monthly,2024,1,2024-01
2024-01-21 17:07:37+00:00,Expense,Bills & Fees,-66.88,,monthly,2024,1,2024-01
2024-01-21 17:07:37+00:00,Expense,Bills & Fees,-59.93,,monthly,2024,1,2024-01
2024-01-21 17:07:37+00:00,Expense,Tobaco,-16.885,,monthly,2024,1,2024-01
2024-01-21 17:07:37+00:00,Expense,Bills & Fees,-100.68,,monthly,2024,1,2024-01
2024-01-22 17:07:37+00:00,Expense,Bills & Fees,-45.891,,monthly,2024,1,2024-01
2024-01-23 17:07:37+00:00,Expense,Sport & Hobbies,-5.544,,time to time,2024,1,2024-01
2024-01-23 17:07:37+00:00,Expense,Bills & Fees,-11.728,,monthly,2024,1,2024-01
2024-01-24 17:07:37+00:00,Expense,Bills & Fees,-63.998,,monthly,2024,1,2024-01
2024-01-24 17:07:37+00:00,Expense,Eating out/take away,-113.964,,monthly,2024,1,2024-01
2024-01-24 17:07:37+00:00,Expense,Bills & Fees,-66.492,,monthly,2024,1,2024-01
2024-01-25 17:07:37+00:00,Expense,Bills & Fees,-47.531,,monthly,2024,1,2024-01
2024-01-25 17:07:37+00:00,Expense,Bills & Fees,-25.45,,monthly,2024,1,2024-01
2024-01-25 17:07:37+00:00,Expense,Bills & Fees,-33.22,,monthly,2024,1,2024-01
2024-01-25 17:07:37+00:00,Expense,Healthcare,-4.048,,monthly,2024,1,2024-01
2024-01-26 17:07:37+00:00,Expense,Bills & Fees,-44.343,,monthly,2024,1,2024-01
2024-01-27 17:07:37+00:00,Expense,Sport & Hobbies,-4.95,,time to time,2024,1,2024-01
2024-01-27 17:07:37+00:00,Expense,Groceries,-117.804,,monthly,2024,1,2024-01
2024-01-28 17:07:37+00:00,Expense,Home,-60.05,,monthly,2024,1,2024-01
2024-01-28 17:07:37+00:00,Expense,Tobaco,-68.365,,monthly,2024,1,2024-01
2024-01-28 17:07:37+00:00,Expense,Bills & Fees,-49.048,,monthly,2024,1,2024-01
2024-01-01 17:07:37+00:00,Income,Salary,2046.0,,monthly,2024,1,2024-01
2024-01-15 09:29:26+00:00,Income,Other,67.0,Energy rebate,time to time,2024,1,2024-01
2024-09-01 17:07:37+00:00,Expense,Eating out/take away,-24.78,,monthly,2024,9,2024-09
2024-09-01 17:07:37+00:00,Expense,Home,-26.66,,monthly,2024,9,2024-09
2024-09-01 17:07:37+00:00,Expense,Transport,-21.312,,monthly,2024,9,2024-09
2024-09-02 17:07:37+00:00,Expense,Bills & Fees,-73.737,,monthly,2024,9,2024-09
2024-09-02 17:07:37+00:00,Expense,Groceries,-19.69,,monthly,2024,9,2024-09
2024-09-02 17:07:37+00:00,Expense,Bills & Fees,-39.534,,monthly,2024,9,2024-09
2024-09-03 17:07:37+00:00,Expense,Eating out/take away,-30.056,,monthly,2024,9,2024-09
2024-09-04 17:07:37+00:00,Expense,Bills & Fees,-73.52,,monthly,2024,9,2024-09
2024-09-04 17:07:37+00:00,Expense,Education,-22.816,,monthly,2024,9,2024-09
2024-09-05 17:07:37+00:00,Expense,Bills & Fees,-65.967,,monthly,2024,9,2024-09
2024-09-05 17:07:37+00:00,Expense,Bills & Fees,-81.466,,monthly,2024,9,2024-09
2024-09-06 17:07:37+00:00,Expense,Bills & Fees,-52.083,,monthly,2024,9,2024-09
2024-09-07 17:07:37+00:00,Expense,Transport,-28.56,,monthly,2024,9,2024-09
2024-09-08 17:07:37+00:00,Expense,Tobaco,-90.849,,monthly,2024,9,2024-09
2024-09-08 17:07:37+00:00,Expense,Groceries,-23.696,,monthly,2024,9,2024-09
2024-09-09 17:07:37+00:00,Expense,Home,-17.52,,monthly,2024,9,2024-09
2024-09-09 17:07:37+00:00,Expense,Groceries,-47.916,,monthly,2024,9,2024-09
2024-09-11 17:07:37+00:00,Expense,Groceries,-104.112,,monthly,2024,9,2024-09
2024-09-11 17:07:37+00:00,Expense,Bills & Fees,-67.545,,monthly,2024,9,2024-09
2024-09-12 17:07:37+00:00,Expense,Groceries,-68.976,,monthly,2024,9,2024-09
2024-09-14 17:07:37+00:00,Expense,Transport,-38.475,,monthly,2024,9,2024-09
2024-09-15 17:07:37+00:00,Expense,Bills & Fees,-5.448,,monthly,2024,9,2024-09
2024-09-16 17:07:37+00:00,Expense,Bills & Fees,-13.329,,monthly,2024,9,2024-09
2024-09-16 17:07:37+00:00,Expense,Groceries,-11.286,,monthly,2024,9,2024-09
2024-09-18 17:07:37+00:00,Expense,Eating out/take away,-5.643,,monthly,2024,9,2024-09
2024-09-18 17:07:37+00:00,Expense,Bills & Fees,-69.144,,monthly,2024,9,2024-09
2024-09-20 17:07:37+00:00,Expense,Groceries,-94.65,,monthly,2024,9,2024-09
2024-09-20 17:07:37+00:00,Expense,Bills & Fees,-10.312,,monthly,2024,9,2024-09
2024-09-21 17:07:37+00:00,Expense,Groceries,-79.695,,monthly,2024,9,2024-09
2024-09-21 17:07:37+00:00,Expense,Bills & Fees,-72.952,,monthly,2024,9,2024-09
2024-09-22 17:07:37+00:00,Expense,Groceries,-9.168,,monthly,2024,9,2024-09
2024-09-24 17:07:37+00:00,Expense,Eating out/take away,-70.236,,monthly,2024,9,2024-09
2024-09-24 17:07:37+00:00,Expense,Bills & Fees,-72.228,,monthly,2024,9,2024-09
2024-09-25 17:07:37+00:00,Expense,Bills & Fees,-57.276,,monthly,2024,9,2024-09
2024-09-26 17:07:37+00:00,Expense,Sport & Hobbies,-34.661,,time to time,2024,9,2024-09
2024-09-26 17:07:37+00:00,Expense,Bills & Fees,-12.684,,monthly,2024,9,2024-09
2024-09-27 17:07:37+00:00,Expense,Groceries,-20.736,,monthly,2024,9,2024-09
2024-09-28 17:07:37+00:00,Expense,Tobaco,-80.091,,monthly,2024,9,2024-09
2024-09-01 17:07:37+00:00,Income,Salary,1534.5,,monthly,2024,9,2024-09
2024-09-29 19:20:07+00:00,Expense,Bills & Fees,-10.0,Giffgaff,monthly,2024,9,2024-09
2024-08-01 17:07:37+00:00,Expense,Education,-41.886,,monthly,2024,8,2024-08
2024-08-02 17:07:37+00:00,Expense,Groceries,-70.176,,monthly,2024,8,2024-08
2024-08-04 17:07:37+00:00,Expense,Bills & Fees,-21.57,,monthly,2024,8,2024-08
2024-08-04 17:07:37+00:00,Expense,Bills & Fees,-10.953,,monthly,2024,8,2024-08
2024-08-05 17:07:37+00:00,Expense,Healthcare,-4.96,,monthly,2024,8,2024-08
2024-08-05 17:07:37+00:00,Expense,Tobaco,-74.784,,monthly,2024,8,2024-08
2024-08-06 17:07:37+00:00,Expense,Eating out/take away,-33.43,,monthly,2024,8,2024-08
2024-08-06 17:07:37+00:00,Expense,Bills & Fees,-33.057,,monthly,2024,8,2024-08
2024-08-06 17:07:37+00:00,Expense,Groceries,-28.2,,monthly,2024,8,2024-08
2024-08-07 17:07:37+00:00,Expense,Eating out/take away,-48.818,,monthly,2024,8,2024-08
2024-08-07 17:07:37+00:00,Expense,Groceries,-40.722,,monthly,2024,8,2024-08
2024-08-08 17:07:37+00:00,Expense,Bills & Fees,-6.64,,monthly,2024,8,2024-08
2024-08-09 17:07:37+00:00,Expense,Bills & Fees,-49.742,,monthly,2024,8,2024-08
2024-08-10 17:07:37+00:00,Expense,Groceries,-37.16,,monthly,2024,8,2024-08
2024-08-10 17:07:37+00:00,Expense,Groceries,-65.758,,monthly,2024,8,2024-08
2024-08-11 17:07:37+00:00,Expense,Bills & Fees,-71.28,,monthly,2024,8,2024-08
2024-08-11 17:07:37+00:00,Expense,Bills & Fees,-75.56,,monthly,2024,8,2024-08
2024-08-13 17:07:37+00:00,Expense,Bills & Fees,-100.128,,monthly,2024,8,2024-08
2024-08-14 17:07:37+00:00,Expense,Bills & Fees,-62.887,,monthly,2024,8,2024-08
2024-08-15 17:07:37+00:00,Expense,Groceries,-22.83,,monthly,2024,8,2024-08
2024-08-16 17:07:37+00:00,Expense,Groceries,-80.622,,monthly,2024,8,2024-08
2024-08-16 17:07:37+00:00,Expense,Bills & Fees,-18.48,,monthly,2024,8,2024-08
2024-08-16 17:07:37+00:00,Expense,Bills & Fees,-39.324,,monthly,2024,8,2024-08
2024-08-17 17:07:37+00:00,Expense,Beauty,-61.32,,monthly,2024,8,2024-08
2024-08-17 17:07:37+00:00,Expense,Car,-11.165,,time to time,2024,8,2024-08
2024-08-18 17:07:37+00:00,Expense,Bills & Fees,-58.09,,monthly,2024,8,2024-08
2024-08-18 17:07:37+00:00,Expense,Groceries,-7.71,,monthly,2024,8,2024-08
2024-08-19 17:07:37+00:00,Expense,Bills & Fees,-51.997,,monthly,2024,8,2024-08
2024-08-19 17:07:37+00:00,Expense,Groceries,-98.832,,monthly,2024,8,2024-08
2024-08-19 17:07:37+00:00,Expense,Bills & Fees,-10.048,,monthly,2024,8,2024-08
2024-08-19 17:07:37+00:00,Expense,Car,-2.84,,time to time,2024,8,2024-08
2024-08-20 17:07:37+00:00,Expense,Bills & Fees,-57.132,,monthly,2024,8,2024-08
2024-08-21 17:07:37+00:00,Expense,Groceries,-44.528,,monthly,2024,8,2024-08
2024-08-21 17:07:37+00:00,Expense,Bills & Fees,-102.828,,monthly,2024,8,2024-08
2024-08-23 17:07:37+00:00,Expense,Groceries,-24.937,,monthly,2024,8,2024-08
2024-08-25 17:07:37+00:00,Expense,Groceries,-28.08,,monthly,2024,8,2024-08
2024-08-25 17:07:37+00:00,Expense,Bills & Fees,-62.664,,monthly,2024,8,2024-08
2024-08-25 17:07:37+00:00,Expense,Groceries,-36.684,,monthly,2024,8,2024-08
2024-08-25 17:07:37+00:00,Expense,Groceries,-46.8,,monthly,2024,8,2024-08
2024-08-26 17:07:37+00:00,Expense,Home,-47.704,,1 time essential,2024,8,2024-08
2024-08-27 17:07:37+00:00,Expense,Bills & Fees,-65.864,,monthly,2024,8,2024-08
2024-08-28 17:07:37+00:00,Expense,Eating out/take away,-9.936,,monthly,2024,8,2024-08
2024-08-01 17:07:37+00:00,Income,Salary,1875.5,,monthly,2024,8,2024-08
2024-08-29 19:20:07+00:00,Expense,Bills & Fees,-10.0,Giffgaff,monthly,2024,8,2024-08
